{
  "raster_path": "data/raster_rgb.tif",
  "labels_path": "data/labels.shp",
  "bands_used_1based": [
    1,
    2,
    3
  ],
  "class_names": {
    "1": "water",
    "2": "agriculture",
    "3": "urban"
  },
  "model": "DecisionTreeClassifier",
  "model_params": {
    "max_depth": 12,
    "random_state": 42,
    "class_weight": "balanced"
  },
  "n_samples": {
    "train": 2938,
    "validation": 630,
    "test": 630
  },
  "results": [
    {
      "split": "train",
      "confusion_matrix(labels=[1,2,3])": [
        [
          1270,
          0,
          0
        ],
        [
          0,
          1338,
          0
        ],
        [
          0,
          0,
          330
        ]
      ],
      "accuracy": 1.0,
      "precision_macro": 1.0,
      "recall_macro": 1.0,
      "f1_macro": 1.0,
      "precision_weighted": 1.0,
      "recall_weighted": 1.0,
      "f1_weighted": 1.0
    },
    {
      "split": "validation",
      "confusion_matrix(labels=[1,2,3])": [
        [
          272,
          0,
          0
        ],
        [
          0,
          286,
          1
        ],
        [
          0,
          1,
          70
        ]
      ],
      "accuracy": 0.9968253968253968,
      "precision_macro": 0.9941437241334183,
      "recall_macro": 0.9941437241334183,
      "f1_macro": 0.9941437241334183,
      "precision_weighted": 0.9968253968253968,
      "recall_weighted": 0.9968253968253968,
      "f1_weighted": 0.9968253968253968
    },
    {
      "split": "test",
      "confusion_matrix(labels=[1,2,3])": [
        [
          273,
          0,
          0
        ],
        [
          0,
          286,
          1
        ],
        [
          0,
          2,
          68
        ]
      ],
      "accuracy": 0.9952380952380953,
      "precision_macro": 0.9928542673107891,
      "recall_macro": 0.98931475029036,
      "f1_macro": 0.9910666249609008,
      "precision_weighted": 0.9952261137949545,
      "recall_weighted": 0.9952380952380953,
      "f1_weighted": 0.995225106871025
    }
  ]
}